customerID,gender,SeniorCitizen,Partner,Dependents,tenure,PhoneService,MultipleLines,InternetService,OnlineSecurity,OnlineBackup,DeviceProtection,TechSupport,StreamingTV,StreamingMovies,Contract,PaperlessBilling,PaymentMethod,MonthlyCharges,TotalCharges
2594-LEPVC,Female,0,No,No,57,Yes,Yes,DSL,Yes,Yes,No,No,Yes,Yes,Two year,Yes,Electronic check,99.15,5531.67
5925-BYXHN,Female,1,No,No,2,Yes,Yes,DSL,Yes,Yes,Yes,No,Yes,No,Month-to-month,Yes,Bank transfer (automatic),93.01,192.98
3289-DXGMW,Female,1,Yes,Yes,1,Yes,No,DSL,No,No,Yes,No,Yes,Yes,Month-to-month,Yes,Electronic check,83.43,86.12
1198-PLBPP,Female,0,No,No,10,Yes,Yes,Fiber optic,No,Yes,Yes,No,No,No,Month-to-month,Yes,Electronic check,102.86,1014.13
1360-PRHYB,Male,0,No,No,60,No,No phone service,DSL,No,Yes,No,Yes,Yes,No,Two year,No,Credit card (automatic),61.1,3615.55
5894-SAUAO,Male,0,No,No,2,Yes,No,Fiber optic,No,Yes,Yes,Yes,No,No,Month-to-month,No,Electronic check,100.5,203.59
5690-EQDHB,Female,0,No,No,1,Yes,No,No,No internet service,No internet service,No internet service,No internet service,No internet service,No internet service,Month-to-month,Yes,Electronic check,25.92,25.4
7933-NVUTF,Female,0,No,Yes,10,Yes,Yes,DSL,Yes,No,Yes,Yes,No,Yes,Month-to-month,Yes,Mailed check,95.39,911.21
9747-HWVNA,Male,0,No,No,3,Yes,Yes,Fiber optic,Yes,No,Yes,Yes,No,Yes,Month-to-month,Yes,Mailed check,118.75,366.17
8894-YKJEG,Male,0,No,No,1,Yes,No,DSL,No,No,No,No,Yes,No,Month-to-month,Yes,Credit card (automatic),63.43,62.63
4868-HOGOJ,Male,0,Yes,No,68,Yes,Yes,Fiber optic,No,No,Yes,No,No,No,One year,Yes,Bank transfer (automatic),92.04,6350.74
6536-CFDPL,Female,0,No,No,62,No,No phone service,DSL,No,No,No,No,No,Yes,One year,No,Bank transfer (automatic),53.9,3312.22
7276-LAQFH,Male,0,No,No,5,Yes,Yes,DSL,Yes,Yes,No,No,Yes,Yes,Month-to-month,Yes,Bank transfer (automatic),92.53,483.65
1376-KQIZE,Male,0,No,No,72,No,No phone service,DSL,Yes,No,Yes,Yes,No,Yes,Two year,Yes,Electronic check,79.21,5703.63
1466-CTTUH,Male,0,Yes,No,40,Yes,No,Fiber optic,No,No,No,No,Yes,No,Two year,No,Electronic check,89.19,3556.21
2785-QIVZC,Female,0,Yes,Yes,33,Yes,Yes,Fiber optic,No,No,No,Yes,Yes,No,One year,Yes,Bank transfer (automatic),105.27,3376.9
1683-NFYJT,Female,0,Yes,Yes,16,Yes,No,DSL,No,No,No,Yes,No,Yes,Month-to-month,Yes,Bank transfer (automatic),72.23,1136.06
4450-CLPVW,Female,0,Yes,No,21,Yes,Yes,DSL,Yes,No,No,Yes,No,No,One year,Yes,Electronic check,78.98,1620.18
3521-KIWFU,Female,0,Yes,No,7,Yes,Yes,Fiber optic,No,Yes,No,Yes,No,Yes,Month-to-month,No,Electronic check,113.2,826.78
4694-UGYCR,Female,0,Yes,Yes,3,No,No phone service,DSL,Yes,Yes,No,Yes,No,No,Month-to-month,Yes,Electronic check,58.51,170.68
